id;filename;file_bytes;file_bytes_content_type;signing_date;size
1;deposit Ergonomic;../fake-data/blob/hipster.png;image/png;2021-02-27T02:20:40;93982
2;generating;../fake-data/blob/hipster.png;image/png;2021-02-27T15:53:30;23385
3;payment Berkshire Associate;../fake-data/blob/hipster.png;image/png;2021-02-27T07:26:02;330
4;Maine synergize AGP;../fake-data/blob/hipster.png;image/png;2021-02-27T03:56:14;59999
5;Outdoors SSL;../fake-data/blob/hipster.png;image/png;2021-02-27T14:29:40;20906
6;application override;../fake-data/blob/hipster.png;image/png;2021-02-27T04:47:47;43721
7;Sleek;../fake-data/blob/hipster.png;image/png;2021-02-27T16:53:10;71947
8;integrated application AI;../fake-data/blob/hipster.png;image/png;2021-02-27T05:58:53;24373
9;Object-based redundant Lead;../fake-data/blob/hipster.png;image/png;2021-02-26T22:48:36;1471
10;pixel Virginia;../fake-data/blob/hipster.png;image/png;2021-02-27T06:15:23;79837
